<?xml version="1.0" encoding="UTF-8"?>
<project-private xmlns="http://www.netbeans.org/ns/project-private/1">
    <editor-bookmarks xmlns="http://www.netbeans.org/ns/editor-bookmarks/2" lastBookmarkId="0"/>
    <open-files xmlns="http://www.netbeans.org/ns/projectui-open-files/2">
        <group>
            <file>file:/home/abhinav/NetBeansProjects/busscheduler/src/busscheduler/home.java</file>
            <file>file:/home/abhinav/NetBeansProjects/busscheduler/src/busscheduler/check_booking.java</file>
            <file>file:/home/abhinav/NetBeansProjects/busscheduler/src/busscheduler/book_ticket.java</file>
            <file>file:/home/abhinav/NetBeansProjects/busscheduler/src/busscheduler/map.java</file>
            <file>file:/home/abhinav/NetBeansProjects/busscheduler/src/types/ac.java</file>
            <file>file:/home/abhinav/NetBeansProjects/busscheduler/src/types/non_ac.java</file>
            <file>file:/home/abhinav/NetBeansProjects/busscheduler/src/types/luxury.java</file>
            <file>file:/home/abhinav/NetBeansProjects/busscheduler/src/busscheduler/check_seats.java</file>
            <file>file:/home/abhinav/NetBeansProjects/busscheduler/src/db/dbconnect.java</file>
        </group>
    </open-files>
</project-private>
